하체 운동 종목좀 추천해주세요!,ymun92,하체가 약해용 ㅠ,CREATED,0,0,0,08/31 오후 06:20,0
안녕하세요!!!,ymun92,ㅎㅇ욥!,CREATED,0,0,0,08/31 오후 06:20,1
누구 없나요,ymun92,요?,CREATED,0,0,0,08/31 오후 06:20,2
저 있어요,삭제된 계정, ㅎㅇ,CREATED,0,0,1,08/31 오후 06:20,3
배고프다,삭제된 계정,뭐 먹지,CREATED,0,0,1,08/31 오후 06:20,4
예비군 힘들다,junhyung,예비군 힘들다,CREATED,0,1,2,08/31 오후 06:20,5
피곤하다..,ymun92,ㅠㅠ,CREATED,0,0,0,08/31 오후 06:20,6
3,ymun92,3,CREATED,0,2,0,08/31 오후 06:20,7
42,ymun92,12,CREATED,0,4,0,08/31 오후 06:20,8
23,ymun92,12,CREATED,0,5,0,08/31 오후 06:20,9
ㄷㅈㄱㅈ,ymun92,ㅈ23,CREATED,0,7,0,08/31 오후 06:20,10
하이영,ymun92,영ㅎㅇㅎㅇ,CREATED,0,4,0,08/31 오후 06:20,11
졸리다,ymun92,리얼로,DELETED,0,14,0,08/31 오후 06:20,12
하이입니다.,ymun92,안 하이입니다.,CREATED,8,63,0,09/01 오전 10:20,14
gdgd,ymun92,asdasd,CREATED,4,20,0,09/01 오전 11:11,15
배고프다,삭제된 계정,오늘 저녁 메뉴 추천좀,CREATED,1,4,1,09/01 오후 06:20,16
dd,삭제된 계정,fgh,CREATED,0,6,1,09/01 오후 07:07,17
gd,삭제된 계정,dgdgdsf,CREATED,0,5,1,09/01 오후 07:33,18
